{"inputUnits":[63],"outputUnits":4,"inputs":{"0":{"dtype":"number","min":0.2686033546924591,"max":0.8867315053939819},"1":{"dtype":"number","min":0.4414099156856537,"max":0.9167448282241821},"2":{"dtype":"number","min":-6.972190931264777e-7,"max":0.0000010446366331962054},"3":{"dtype":"number","min":0.32449644804000854,"max":0.8257434368133545},"4":{"dtype":"number","min":0.4232189655303955,"max":0.8823800683021545},"5":{"dtype":"number","min":-0.06781674176454544,"max":0.016551457345485687},"6":{"dtype":"number","min":0.3433222770690918,"max":0.7735326886177063},"7":{"dtype":"number","min":0.35898280143737793,"max":0.7943766117095947},"8":{"dtype":"number","min":-0.11438710242509842,"max":0.021202946081757545},"9":{"dtype":"number","min":0.3521355390548706,"max":0.7962285280227661},"10":{"dtype":"number","min":0.2867085337638855,"max":0.7239238023757935},"11":{"dtype":"number","min":-0.15529067814350128,"max":0.01847899705171585},"12":{"dtype":"number","min":0.3415047228336334,"max":0.8440042734146118},"13":{"dtype":"number","min":0.24065886437892914,"max":0.6780478954315186},"14":{"dtype":"number","min":-0.19669002294540405,"max":0.01934080384671688},"15":{"dtype":"number","min":0.2528563141822815,"max":0.8025493621826172},"16":{"dtype":"number","min":0.25313496589660645,"max":0.6108638048171997},"17":{"dtype":"number","min":-0.07581096142530441,"max":0.026202885434031487},"18":{"dtype":"number","min":0.309518963098526,"max":0.773975670337677},"19":{"dtype":"number","min":0.21507157385349274,"max":0.5547773241996765},"20":{"dtype":"number","min":-0.11320674419403076,"max":0.011396695859730244},"21":{"dtype":"number","min":0.3261527121067047,"max":0.7746573686599731},"22":{"dtype":"number","min":0.14758430421352386,"max":0.5430998802185059},"23":{"dtype":"number","min":-0.14207176864147186,"max":0.004012045916169882},"24":{"dtype":"number","min":0.31481993198394775,"max":0.8178811073303223},"25":{"dtype":"number","min":0.09036165475845337,"max":0.600494921207428},"26":{"dtype":"number","min":-0.16299624741077423,"max":-0.0019140035146847367},"27":{"dtype":"number","min":0.2388465851545334,"max":0.8351967930793762},"28":{"dtype":"number","min":0.2537776827812195,"max":0.5989757776260376},"29":{"dtype":"number","min":-0.06829746067523956,"max":0.010348753072321415},"30":{"dtype":"number","min":0.3132324814796448,"max":0.8302494883537292},"31":{"dtype":"number","min":0.1773095577955246,"max":0.4602142870426178},"32":{"dtype":"number","min":-0.10656899958848953,"max":-0.001150627969764173},"33":{"dtype":"number","min":0.3277484178543091,"max":0.8496741652488708},"34":{"dtype":"number","min":0.1025090217590332,"max":0.42581209540367126},"35":{"dtype":"number","min":-0.13632594048976898,"max":-0.00962453056126833},"36":{"dtype":"number","min":0.31193897128105164,"max":0.8677074313163757},"37":{"dtype":"number","min":0.04045388102531433,"max":0.42682313919067383},"38":{"dtype":"number","min":-0.14538687467575073,"max":-0.011512519791722298},"39":{"dtype":"number","min":0.23540771007537842,"max":0.8713310956954956},"40":{"dtype":"number","min":0.2575860321521759,"max":0.6238570809364319},"41":{"dtype":"number","min":-0.07016497105360031,"max":-0.0029965771827846766},"42":{"dtype":"number","min":0.3140789568424225,"max":0.8837736248970032},"43":{"dtype":"number","min":0.18113084137439728,"max":0.6255581974983215},"44":{"dtype":"number","min":-0.1309717446565628,"max":-0.01723277010023594},"45":{"dtype":"number","min":0.3239172399044037,"max":0.8698608875274658},"46":{"dtype":"number","min":0.11078865826129913,"max":0.7234371304512024},"47":{"dtype":"number","min":-0.14281274378299713,"max":-0.01523098349571228},"48":{"dtype":"number","min":0.30279457569122314,"max":0.8591080904006958},"49":{"dtype":"number","min":0.051471203565597534,"max":0.7877172231674194},"50":{"dtype":"number","min":-0.14438511431217194,"max":-0.0010011898120865226},"51":{"dtype":"number","min":0.24425560235977173,"max":0.9111199378967285},"52":{"dtype":"number","min":0.2591874599456787,"max":0.6691936254501343},"53":{"dtype":"number","min":-0.07843632251024246,"max":-0.008855503052473068},"54":{"dtype":"number","min":0.29025810956954956,"max":0.9258860349655151},"55":{"dtype":"number","min":0.2390253245830536,"max":0.6849002242088318},"56":{"dtype":"number","min":-0.12201378494501114,"max":-0.02622073143720627},"57":{"dtype":"number","min":0.2733924984931946,"max":0.9330116510391235},"58":{"dtype":"number","min":0.19991111755371094,"max":0.7626205086708069},"59":{"dtype":"number","min":-0.12643517553806305,"max":-0.012628044933080673},"60":{"dtype":"number","min":0.25255221128463745,"max":0.9378163814544678},"61":{"dtype":"number","min":0.15551067888736725,"max":0.8171278834342957},"62":{"dtype":"number","min":-0.13702179491519928,"max":0.002249370561912656}},"outputs":{"label":{"dtype":"string","min":0,"max":1,"uniqueValues":["Plant","Water","Fertilize","Harvest"],"legend":{"Plant":[1,0,0,0],"Water":[0,1,0,0],"Fertilize":[0,0,1,0],"Harvest":[0,0,0,1]}}},"isNormalized":true}